city,lat,lng,country,iso2,admin_name,capital,population,population_proper
London,51.5072,-0.1275,United Kingdom,GB,"London, City of",primary,11262000,8825001
Birmingham,52.4800,-1.9025,United Kingdom,GB,Birmingham,,2919600,1137100
Manchester,53.4794,-2.2453,United Kingdom,GB,Manchester,,2705000,547627
Liverpool,53.4075,-2.9919,United Kingdom,GB,Liverpool,,864122,513441
Portsmouth,50.8058,-1.0872,United Kingdom,GB,Portsmouth,,855679,248440
Southampton,50.9025,-1.4042,United Kingdom,GB,Southampton,,855569,271173
Nottingham,52.9533,-1.1500,United Kingdom,GB,Nottingham,,768638,289301
Bristol,51.4536,-2.5975,United Kingdom,GB,"Bristol, City of",,567111,567111
Leicester,52.6344,-1.1319,United Kingdom,GB,Leicester,,508916,464395
Coventry,52.4081,-1.5106,United Kingdom,GB,Coventry,,362690,362690
Belfast,54.5964,-5.9300,United Kingdom,GB,Belfast,,333871,333871
Stockport,53.4083,-2.1494,United Kingdom,GB,Stockport,,295200,295200
Bradford,53.8000,-1.7500,United Kingdom,GB,Bradford,,293277,293277
Plymouth,50.3714,-4.1422,United Kingdom,GB,Plymouth,,267918,267918
Derby,52.9217,-1.4767,United Kingdom,GB,Derby,,255394,255394
Westminster,51.4947,-0.1353,United Kingdom,GB,Westminster,,255324,255324
Wolverhampton,52.5833,-2.1333,United Kingdom,GB,Wolverhampton,,250970,250970
Norwich,52.6286,1.2928,United Kingdom,GB,Norfolk,,213166,195971
Luton,51.8783,-0.4147,United Kingdom,GB,Luton,,213052,213052
Solihull,52.4130,-1.7780,United Kingdom,GB,Solihull,,206674,206674
Islington,51.5440,-0.1027,United Kingdom,GB,Islington,,206125,206125
Aberdeen,57.1500,-2.1100,United Kingdom,GB,Aberdeen City,,200680,200680
Croydon,51.3727,-0.1099,United Kingdom,GB,Croydon,,192064,192064
Bournemouth,50.7200,-1.8800,United Kingdom,GB,,,187503,187503
Basildon,51.5800,0.4900,United Kingdom,GB,Essex,,185900,185900
Ilford,51.5575,0.0858,United Kingdom,GB,Redbridge,,168168,168168
Warrington,53.3900,-2.5900,United Kingdom,GB,Warrington,,165456,165456
Kingswood,51.4600,-2.5050,United Kingdom,GB,South Gloucestershire,,160260,160260
Oxford,51.7519,-1.2578,United Kingdom,GB,Oxfordshire,,152000,152000
Harrow,51.5836,-0.3464,United Kingdom,GB,Harrow,,149246,149246
West Bromwich,52.5190,-1.9950,United Kingdom,GB,Sandwell,,146386,146386
Gloucester,51.8644,-2.2444,United Kingdom,GB,Gloucestershire,,145563,145563
Blackpool,53.8142,-3.0503,United Kingdom,GB,Blackpool,,139305,139305
Sale,53.4240,-2.3220,United Kingdom,GB,Trafford,,134022,134022
Tottenham,51.5975,-0.0681,United Kingdom,GB,Haringey,,129237,129237
Cambridge,52.2053,0.1192,United Kingdom,GB,Cambridgeshire,,123867,123867
Romford,51.5768,0.1801,United Kingdom,GB,Havering,,122854,122854
Colchester,51.8917,0.9030,United Kingdom,GB,Essex,,121859,121859
High Wycombe,51.6287,-0.7482,United Kingdom,GB,Buckinghamshire,,120256,120256
Gateshead,54.9500,-1.6000,United Kingdom,GB,Gateshead,,120046,120046
Slough,51.5084,-0.5881,United Kingdom,GB,Slough,,119070,119070
Blackburn,53.7480,-2.4820,United Kingdom,GB,Blackburn with Darwen,,117963,117963
Chelmsford,51.7300,0.4800,United Kingdom,GB,Essex,,115369,115369
Rochdale,53.6136,-2.1610,United Kingdom,GB,Rochdale,,110194,110194
Rotherham,53.4300,-1.3570,United Kingdom,GB,Rotherham,,109691,109691
Walthamstow,51.5840,-0.0210,United Kingdom,GB,Waltham Forest,,109424,109424
Maidstone,51.2720,0.5290,United Kingdom,GB,Kent,,107627,107627
Basingstoke,51.2667,-1.0876,United Kingdom,GB,Hampshire,,107355,107355
Salford,53.4830,-2.2931,United Kingdom,GB,Salford,,103886,103886
Hounslow,51.4668,-0.3750,United Kingdom,GB,Hounslow,,103337,103337
Wembley,51.5528,-0.2979,United Kingdom,GB,Brent,,102856,102856
Worcester,52.1911,-2.2206,United Kingdom,GB,Worcestershire,,101891,101891
Hammersmith,51.4928,-0.2229,United Kingdom,GB,Hammersmith and Fulham,,95996,95996
Rayleigh,51.5864,0.6049,United Kingdom,GB,Essex,,95580,95580
Hemel Hempstead,51.7526,-0.4692,United Kingdom,GB,Hertfordshire,,94932,94932
Bath,51.3800,-2.3600,United Kingdom,GB,Bath and North East Somerset,,94782,94782
Darlington,54.5270,-1.5526,United Kingdom,GB,Darlington,,92363,92363
Hove,50.8352,-0.1758,United Kingdom,GB,Brighton and Hove,,91900,91900
Hastings,50.8500,0.5700,United Kingdom,GB,East Sussex,,91053,91053
Watford,51.6550,-0.3957,United Kingdom,GB,Hertfordshire,,90301,90301
Stevenage,51.9017,-0.2019,United Kingdom,GB,Hertfordshire,,89663,89663
Hartlepool,54.6900,-1.2100,United Kingdom,GB,Hartlepool,,88855,88855
Chester,53.1900,-2.8900,United Kingdom,GB,Cheshire West and Chester,,87507,87507
Fulham,51.4828,-0.1950,United Kingdom,GB,Hammersmith and Fulham,,87161,87161
Nuneaton,52.5230,-1.4680,United Kingdom,GB,Warwickshire,,86552,86552
Ealing,51.5175,-0.2988,United Kingdom,GB,Ealing,,85014,85014
Hayes,51.5127,-0.4211,United Kingdom,GB,Hillingdon,,83564,83564
Aylesbury,51.8168,-0.8124,United Kingdom,GB,Buckinghamshire,,83407,83407
Edmonton,51.6154,-0.0708,United Kingdom,GB,Enfield,,82472,82472
Saint Albans,51.7550,-0.3360,United Kingdom,GB,Hertfordshire,,82146,82146
Burnley,53.7890,-2.2480,United Kingdom,GB,Lancashire,,82002,82002
Batley,53.7167,-1.6356,United Kingdom,GB,Kirklees,,80485,80485
Scunthorpe,53.5809,-0.6502,United Kingdom,GB,North Lincolnshire,,79977,79977
Dudley,52.5080,-2.0890,United Kingdom,GB,Dudley,,79379,79379
Brixton,51.4575,-0.1175,United Kingdom,GB,Lambeth,,78536,78536
Paisley,55.8456,-4.4239,United Kingdom,GB,Renfrewshire,,77220,77220
Chatham,51.3700,0.5200,United Kingdom,GB,Medway,,76792,76792
Edgware,51.6185,-0.2729,United Kingdom,GB,Barnet,,76506,76506
East Ham,51.5323,0.0554,United Kingdom,GB,Newham,,76186,76186
Weston-super-Mare,51.3460,-2.9770,United Kingdom,GB,North Somerset,,76143,76143
Carlisle,54.8910,-2.9440,United Kingdom,GB,Cumbria,,75399,75399
South Shields,54.9950,-1.4300,United Kingdom,GB,South Tyneside,,75337,75337
East Kilbride,55.7644,-4.1769,United Kingdom,GB,South Lanarkshire,,75120,75120
Burton upon Trent,52.8019,-1.6367,United Kingdom,GB,Staffordshire,,75074,75074
Harrogate,53.9919,-1.5378,United Kingdom,GB,North Yorkshire,,73576,73576
Crewe,53.0990,-2.4400,United Kingdom,GB,Cheshire East,,73241,73241
Lowestoft,52.4800,1.7500,United Kingdom,GB,Suffolk,,70945,70945
Rugby,52.3700,-1.2600,United Kingdom,GB,Warwickshire,,70627,70627
Chingford,51.6230,0.0090,United Kingdom,GB,Waltham Forest,,70583,70583
Uxbridge,51.5404,-0.4778,United Kingdom,GB,Hillingdon,,70560,70560
Southall,51.5121,-0.3779,United Kingdom,GB,Ealing,,69857,69857
Walsall,52.5800,-1.9800,United Kingdom,GB,Walsall,,67594,67594
Grays,51.4750,0.3300,United Kingdom,GB,Thurrock,,66843,66843
Walton upon Thames,51.3868,-0.4133,United Kingdom,GB,Surrey,,66566,66566
Thornton Heath,51.4002,-0.1086,United Kingdom,GB,Croydon,,65812,65812
Finchley,51.5990,-0.1870,United Kingdom,GB,Barnet,,65812,65812
Kensington,51.5000,-0.1900,United Kingdom,GB,Kensington and Chelsea,,64681,64681
Boston,52.9740,-0.0214,United Kingdom,GB,Lincolnshire,,64600,64600
Paignton,50.4353,-3.5625,United Kingdom,GB,Devon,,64410,64410
Waterlooville,50.8800,-1.0300,United Kingdom,GB,Hampshire,,64350,64350
Hornchurch,51.5565,0.2128,United Kingdom,GB,Havering,,63583,63583
Merthyr Tudful,51.7430,-3.3780,United Kingdom,GB,Merthyr Tydfil,,63546,63546
Mitcham,51.4009,-0.1517,United Kingdom,GB,Merton,,63393,63393
Feltham,51.4496,-0.4089,United Kingdom,GB,Hounslow,,63368,63368
Stourbridge,52.4575,-2.1479,United Kingdom,GB,Dudley,,63298,63298
Hereford,52.0560,-2.7160,United Kingdom,GB,Herefordshire,,63024,63024
Rochester,51.3750,0.5000,United Kingdom,GB,Medway,,62982,62982
Dewsbury,53.6910,-1.6330,United Kingdom,GB,Kirklees,,62945,62945
Acton,51.5135,-0.2707,United Kingdom,GB,Ealing,,62480,62480
Twickenham,51.4490,-0.3370,United Kingdom,GB,Richmond upon Thames,,62148,62148
Scarborough,54.2773,-0.4017,United Kingdom,GB,North Yorkshire,,61749,61749
Wrecsam,53.0460,-2.9930,United Kingdom,GB,Wrexham,,61603,61603
Wandsworth,51.4550,-0.1920,United Kingdom,GB,Wandsworth,,61594,61594
Ellesmere Port,53.2790,-2.8970,United Kingdom,GB,Cheshire West and Chester,,61090,61090
Bangor,54.6600,-5.6700,United Kingdom,GB,Ards and North Down,,61011,61011
Taunton,51.0190,-3.1000,United Kingdom,GB,Somerset,,60479,60479
Loughborough,52.7700,-1.2000,United Kingdom,GB,Leicestershire,,59932,59932
Barking,51.5400,0.0800,United Kingdom,GB,Barking and Dagenham,,59068,59068
Littlehampton,50.8094,-0.5409,United Kingdom,GB,West Sussex,,58357,58357
Ruislip,51.5760,-0.4330,United Kingdom,GB,Hillingdon,,58217,58217
Streatham,51.4279,-0.1235,United Kingdom,GB,Lambeth,,58055,58055
Royal Tunbridge Wells,51.1320,0.2630,United Kingdom,GB,Kent,,57772,57772
Bebington,53.3500,-3.0030,United Kingdom,GB,Wirral,,57336,57336
Barrow in Furness,54.1108,-3.2261,United Kingdom,GB,Cumbria,,56745,56745
Macclesfield,53.2500,-2.1300,United Kingdom,GB,Cheshire East,,56581,56581
Wellingborough,52.2939,-0.6964,United Kingdom,GB,Northamptonshire,,56564,56564
Kettering,52.3931,-0.7229,United Kingdom,GB,Northamptonshire,,56226,56226
Braintree,51.8780,0.5500,United Kingdom,GB,Essex,,55792,55792
Royal Leamington Spa,52.2920,-1.5370,United Kingdom,GB,Warwickshire,,55733,55733
Dunfermline,56.0719,-3.4393,United Kingdom,GB,Fife,,53100,53100
Altrincham,53.3838,-2.3547,United Kingdom,GB,Trafford,,52419,52419
Lancaster,54.0489,-2.8014,United Kingdom,GB,Lancashire,,52234,52234
Crosby,53.4872,-3.0343,United Kingdom,GB,Sefton,,51789,51789
Barri,51.4050,-3.2700,United Kingdom,GB,"Vale of Glamorgan, The",,51502,51502
Bootle,53.4457,-2.9891,United Kingdom,GB,Sefton,,51394,51394
Stratford,51.5423,-0.0026,United Kingdom,GB,Newham,,51387,51387
Folkestone,51.0810,1.1660,United Kingdom,GB,Kent,,51337,51337
Cumbernauld,55.9450,-3.9940,United Kingdom,GB,North Lanarkshire,,50920,50920
Andover,51.2080,-1.4800,United Kingdom,GB,Hampshire,,50887,50887
Neath,51.6600,-3.8100,United Kingdom,GB,Neath Port Talbot,,50658,50658
Rowley Regis,52.4880,-2.0500,United Kingdom,GB,Sandwell,,50257,50257
Leith,55.9800,-3.1700,United Kingdom,GB,"Edinburgh, City of",,50030,50030
Yeovil,50.9452,-2.6370,United Kingdom,GB,Somerset,,49698,49698
Eltham,51.4510,0.0520,United Kingdom,GB,Greenwich,,48964,48964
Sutton in Ashfield,53.1250,-1.2610,United Kingdom,GB,Nottinghamshire,,48527,48527
Morden,51.4015,-0.1949,United Kingdom,GB,Merton,,48233,48233
Barnet,51.6444,-0.1997,United Kingdom,GB,Barnet,,47359,47359
West Bridgford,52.9320,-1.1270,United Kingdom,GB,Nottinghamshire,,47109,47109
Stretford,53.4466,-2.3086,United Kingdom,GB,Trafford,,46910,46910
Beckenham,51.4080,-0.0220,United Kingdom,GB,Bromley,,46844,46844
Greenford,51.5299,-0.3488,United Kingdom,GB,Ealing,,46787,46787
Cheshunt,51.7020,-0.0350,United Kingdom,GB,Hertfordshire,,45832,45832
Salisbury,51.0700,-1.7900,United Kingdom,GB,Wiltshire,,45477,45477
Ashton,53.4897,-2.0952,United Kingdom,GB,Tameside,,45198,45198
Surbiton,51.3940,-0.3070,United Kingdom,GB,Kingston upon Thames,,45132,45132
Catford,51.4452,-0.0207,United Kingdom,GB,Lewisham,,44905,44905
Worksop,53.3042,-1.1244,United Kingdom,GB,Nottinghamshire,,44733,44733
Morley,53.7492,-1.6023,United Kingdom,GB,Leeds,,44440,44440
Middleton,53.5550,-2.1870,United Kingdom,GB,Rochdale,,42972,42972
Fleet,51.2834,-0.8456,United Kingdom,GB,Hampshire,,42835,42835
Fareham,50.8500,-1.1800,United Kingdom,GB,Hampshire,,42210,42210
Urmston,53.4487,-2.3747,United Kingdom,GB,Trafford,,41825,41825
Sutton,51.3656,-0.1963,United Kingdom,GB,Sutton,,41483,41483
Caerphilly,51.5780,-3.2180,United Kingdom,GB,Caerphilly,,41402,41402
Bridgwater,51.1280,-2.9930,United Kingdom,GB,Somerset,,41276,41276
Newbury,51.4010,-1.3230,United Kingdom,GB,West Berkshire,,41075,41075
Welling,51.4594,0.1097,United Kingdom,GB,Bexley,,41000,41000
Kirkby,53.4800,-2.8900,United Kingdom,GB,Knowsley,,40472,40472
Ramsgate,51.3360,1.4160,United Kingdom,GB,Kent,,40408,40408
Castleford,53.7160,-1.3560,United Kingdom,GB,Wakefield,,40210,40210
Strood,51.3930,0.4780,United Kingdom,GB,Medway,,40000,40000
Cleethorpes,53.5533,-0.0215,United Kingdom,GB,North East Lincolnshire,,38996,38996
Ilkeston,52.9710,-1.3090,United Kingdom,GB,Derbyshire,,38640,38640
Chorley,53.6530,-2.6320,United Kingdom,GB,Lancashire,,38420,38420
Herne Bay,51.3700,1.1300,United Kingdom,GB,Kent,,38385,38385
Bishops Stortford,51.8720,0.1725,United Kingdom,GB,Hertfordshire,,38202,38202
Arnold,53.0050,-1.1270,United Kingdom,GB,Nottinghamshire,,37768,37768
Coalville,52.7240,-1.3690,United Kingdom,GB,Leicestershire,,37661,37661
Bletchley,51.9940,-0.7320,United Kingdom,GB,Milton Keynes,,37520,37520
Leighton Buzzard,51.9165,-0.6617,United Kingdom,GB,Central Bedfordshire,,37469,37469
Airdrie,55.8600,-3.9800,United Kingdom,GB,North Lanarkshire,,37410,37410
Blyth,55.1260,-1.5140,United Kingdom,GB,Northumberland,,37339,37339
Laindon,51.5740,0.4181,United Kingdom,GB,Essex,,37175,37175
Llanelli,51.6840,-4.1630,United Kingdom,GB,Carmarthenshire,,37050,37050
Bicester,51.9000,-1.1500,United Kingdom,GB,Oxfordshire,,37020,37020
Beeston,52.9270,-1.2150,United Kingdom,GB,Nottinghamshire,,37000,37000
Small Heath,52.4629,-1.8542,United Kingdom,GB,Birmingham,,36898,36898
Whitley Bay,55.0456,-1.4443,United Kingdom,GB,North Tyneside,,36623,36623
Denton,53.4554,-2.1122,United Kingdom,GB,Tameside,,36591,36591
Falkirk,56.0011,-3.7835,United Kingdom,GB,Falkirk,,35850,35850
Walkden,53.5239,-2.3991,United Kingdom,GB,Salford,,35616,35616
Kenton,51.5878,-0.3086,United Kingdom,GB,Brent,,35600,35600
Bridlington,54.0819,-0.1923,United Kingdom,GB,East Riding of Yorkshire,,35264,35264
Billingham,54.6100,-1.2700,United Kingdom,GB,Stockton-on-Tees,,35165,35165
Dunstable,51.8860,-0.5210,United Kingdom,GB,Central Bedfordshire,,35000,35000
Spalding,52.7858,-0.1529,United Kingdom,GB,Lincolnshire,,34613,34613
Grantham,52.9180,-0.6380,United Kingdom,GB,Lincolnshire,,34592,34592
North Shields,55.0097,-1.4448,United Kingdom,GB,North Tyneside,,34423,34423
Colwyn Bay,53.2900,-3.7000,United Kingdom,GB,Conwy,,34284,34284
Hitchin,51.9470,-0.2830,United Kingdom,GB,Hertfordshire,,34266,34266
Rainham,51.3600,0.6100,United Kingdom,GB,Medway,,34088,34088
Wickford,51.6114,0.5207,United Kingdom,GB,Essex,,33486,33486
Letchworth,51.9780,-0.2300,United Kingdom,GB,Hertfordshire,,33249,33249
Huyton,53.4111,-2.8403,United Kingdom,GB,Knowsley,,33193,33193
Abingdon,51.6670,-1.2830,United Kingdom,GB,Oxfordshire,,33130,33130
Trowbridge,51.3200,-2.2080,United Kingdom,GB,Wiltshire,,33108,33108
Wigston Magna,52.5812,-1.0930,United Kingdom,GB,Leicestershire,,32321,32321
Didcot,51.6060,-1.2410,United Kingdom,GB,Oxfordshire,,32183,32183
Earley,51.4330,-0.9330,United Kingdom,GB,Wokingham,,32036,32036
Borehamwood,51.6578,-0.2723,United Kingdom,GB,Hertfordshire,,31955,31955
Bexleyheath,51.4590,0.1380,United Kingdom,GB,Bexley,,31929,31929
Prestwich,53.5333,-2.2833,United Kingdom,GB,Bury,,31693,31693
Ecclesfield,53.4429,-1.4698,United Kingdom,GB,Sheffield,,31609,31609
Darwen,53.6980,-2.4610,United Kingdom,GB,Blackburn with Darwen,,31570,31570
Pontypridd,51.6020,-3.3420,United Kingdom,GB,Rhondda Cynon Taff,,31206,31206
Rutherglen,55.8280,-4.2140,United Kingdom,GB,Glasgow City,,31190,31190
Saint Neots,52.2280,-0.2700,United Kingdom,GB,Cambridgeshire,,31165,31165
Pinner,51.5932,-0.3894,United Kingdom,GB,Harrow,,31130,31130
Dover,51.1295,1.3089,United Kingdom,GB,Kent,,31022,31022
Chichester,50.8365,-0.7792,United Kingdom,GB,West Sussex,,30925,30925
Deal,51.2226,1.4006,United Kingdom,GB,Kent,,30917,30917
Northolt,51.5467,-0.3700,United Kingdom,GB,Ealing,,30304,30304
Wishaw,55.7742,-3.9183,United Kingdom,GB,North Lanarkshire,,30290,30290
Carshalton,51.3652,-0.1676,United Kingdom,GB,Sutton,,29917,29917
Bulwell,53.0010,-1.1970,United Kingdom,GB,Nottingham,,29771,29771
Kendal,54.3260,-2.7450,United Kingdom,GB,Cumbria,,29593,29593
Cramlington,55.0820,-1.5850,United Kingdom,GB,Northumberland,,29405,29405
Bromsgrove,52.3353,-2.0579,United Kingdom,GB,Worcestershire,,29237,29237
Pont-y-pŵl,51.7030,-3.0410,United Kingdom,GB,Torfaen,,28970,28970
Hanwell,51.5090,-0.3380,United Kingdom,GB,Ealing,,28768,28768
Hertford,51.7966,-0.0774,United Kingdom,GB,Hertfordshire,,28689,24720
Frome,51.2279,-2.3215,United Kingdom,GB,Somerset,,28559,28559
Wood Green,51.5981,-0.1149,United Kingdom,GB,Haringey,,28453,28453
Daventry,52.2578,-1.1628,United Kingdom,GB,Northamptonshire,,28123,28123
Darlaston,52.5708,-2.0457,United Kingdom,GB,Walsall,,27821,27821
Ashington,55.1810,-1.5680,United Kingdom,GB,Northumberland,,27764,27764
Longton,52.9877,-2.1327,United Kingdom,GB,Stoke-on-Trent,,27214,27214
Melton Mowbray,52.7661,-0.8860,United Kingdom,GB,Leicestershire,,27158,27158
Aldridge,52.6060,-1.9179,United Kingdom,GB,Walsall,,26988,26988
Farnworth,53.5452,-2.3999,United Kingdom,GB,Bolton,,26939,26939
Highbury,51.5520,-0.0970,United Kingdom,GB,Islington,,26664,26664
Newton Aycliffe,54.6200,-1.5800,United Kingdom,GB,Durham,,26633,26633
Cheadle Hulme,53.3761,-2.1897,United Kingdom,GB,Stockport,,26479,26479
Bournville,52.4299,-1.9355,United Kingdom,GB,Birmingham,,25938,25938
Shenley Brook End,52.0090,-0.7890,United Kingdom,GB,Milton Keynes,,25828,25828
Consett,54.8500,-1.8300,United Kingdom,GB,Durham,,25812,25812
Northfield,52.4080,-1.9630,United Kingdom,GB,Birmingham,,25707,25707
Coulsdon,51.3211,-0.1386,United Kingdom,GB,Croydon,,25695,25695
Bilston,52.5660,-2.0728,United Kingdom,GB,Wolverhampton,,25576,25576
Wellington,52.7001,-2.5157,United Kingdom,GB,Telford and Wrekin,,25554,25554
Bishop Auckland,54.6630,-1.6760,United Kingdom,GB,Durham,,25455,25455
Longbridge,52.3950,-1.9790,United Kingdom,GB,Birmingham,,25410,25410
Bloxwich,52.6140,-2.0040,United Kingdom,GB,Walsall,,25401,25401
Upminster,51.5557,0.2512,United Kingdom,GB,Havering,,25361,25361
Rhyl,53.3210,-3.4800,United Kingdom,GB,Denbighshire,,25149,25149
Droitwich,52.2670,-2.1530,United Kingdom,GB,Worcestershire,,25027,25027
Hindley,53.5355,-2.5658,United Kingdom,GB,Wigan,,25001,25001
Westhoughton,53.5490,-2.5290,United Kingdom,GB,Bolton,,24974,24974
Ryde,50.7271,-1.1618,United Kingdom,GB,Isle of Wight,,24847,24847
Gorleston-on-Sea,52.5757,1.7235,United Kingdom,GB,Norfolk,,24785,24785
Thornaby on Tees,54.5585,-1.3025,United Kingdom,GB,Stockton-on-Tees,,24741,24741
Kings Norton,52.4072,-1.9272,United Kingdom,GB,Birmingham,,24380,24380
Plymstock,50.3569,-4.0900,United Kingdom,GB,Plymouth,,24103,24103
Barnstaple,51.0800,-4.0600,United Kingdom,GB,Devon,,23976,23976
Arbroath,56.5610,-2.5860,United Kingdom,GB,Angus,,23940,23940
Caversham,51.4670,-0.9730,United Kingdom,GB,Reading,,23885,23885
Oadby,52.5987,-1.0763,United Kingdom,GB,Leicestershire,,23849,23849
Stalybridge,53.4834,-2.0400,United Kingdom,GB,Tameside,,23731,23731
Stanmore,51.6180,-0.3140,United Kingdom,GB,Harrow,,23700,23700
Droylsden,53.4828,-2.1582,United Kingdom,GB,Tameside,,23689,23689
Perry Barr,52.5249,-1.9042,United Kingdom,GB,Birmingham,,23652,23652
Gosforth,55.0070,-1.6230,United Kingdom,GB,Newcastle upon Tyne,,23620,23620
Whitefield,53.5521,-2.2992,United Kingdom,GB,Bury,,23283,23283
Penwortham,53.7400,-2.7200,United Kingdom,GB,Lancashire,,23047,23047
Harborne,52.4600,-1.9500,United Kingdom,GB,Birmingham,,23001,23001
Swinton,53.5122,-2.3412,United Kingdom,GB,Salford,,22931,22931
Market Harborough,52.4775,-0.9206,United Kingdom,GB,Leicestershire,,22911,22911
Erdington,52.5236,-1.8378,United Kingdom,GB,Birmingham,,22828,22828
Clifton,52.9040,-1.1770,United Kingdom,GB,Nottingham,,22749,22749
Stratton Saint Margaret,51.5860,-1.7620,United Kingdom,GB,Swindon,,22698,22698
Wednesfield,52.5998,-2.0827,United Kingdom,GB,Wolverhampton,,22646,22646
Farsley,53.8116,-1.6718,United Kingdom,GB,Leeds,,22594,22594
Guiseley,53.8750,-1.7060,United Kingdom,GB,Leeds,,22347,22347
March,52.5510,0.0880,United Kingdom,GB,Cambridgeshire,,22298,22298
Tiverton,50.9030,-3.4880,United Kingdom,GB,Devon,,22291,22291
Litherland,53.4727,-2.9990,United Kingdom,GB,Sefton,,22242,22242
Acomb,53.9550,-1.1260,United Kingdom,GB,York,,22215,22215
Newton in Makerfield,53.4500,-2.6330,United Kingdom,GB,St. Helens,,22114,22114
Penarth,51.4300,-3.1700,United Kingdom,GB,"Vale of Glamorgan, The",,22083,22083
Camborne,50.2130,-5.3000,United Kingdom,GB,Cornwall,,22074,22074
Newquay,50.4120,-5.0757,United Kingdom,GB,Cornwall,,22074,22074
Northwood,51.6010,-0.4176,United Kingdom,GB,Hillingdon,,22047,22047
Atherton,53.5230,-2.4950,United Kingdom,GB,Wigan,,22000,22000
Belper,53.0290,-1.4750,United Kingdom,GB,Derbyshire,,21822,21822
Sheldon,52.4500,-1.7666,United Kingdom,GB,Solihull,,21817,21817
Yate,51.5402,-2.4110,United Kingdom,GB,South Gloucestershire,,21789,21789
Bailleston,55.8474,-4.1147,United Kingdom,GB,Glasgow City,,21663,21663
Truro,50.2600,-5.0510,United Kingdom,GB,Cornwall,,21555,21555
Chandlers Ford,50.9840,-1.3792,United Kingdom,GB,Hampshire,,21436,21436
Royton,53.5660,-2.1210,United Kingdom,GB,Oldham,,21284,21284
Clevedon,51.4380,-2.8540,United Kingdom,GB,North Somerset,,21281,21281
Dronfield,53.3024,-1.4664,United Kingdom,GB,Derbyshire,,21261,21261
Ossett,53.6800,-1.5800,United Kingdom,GB,Wakefield,,21231,21231
Woodlesford,53.7567,-1.4530,United Kingdom,GB,Leeds,,21010,21010
Wallington,51.3647,-0.1403,United Kingdom,GB,Sutton,,20850,20850
Norton,54.5890,-1.3157,United Kingdom,GB,Stockton-on-Tees,,20829,20829
Leek,53.1080,-2.0234,United Kingdom,GB,Staffordshire,,20768,20768
Leigh-on-Sea,51.5425,0.6535,United Kingdom,GB,Southend-on-Sea,,20737,20737
Boscombe,50.7250,-1.8400,United Kingdom,GB,,,20719,20719
Failsworth,53.5102,-2.1575,United Kingdom,GB,Oldham,,20680,20680
Kirkstall,53.8160,-1.6020,United Kingdom,GB,Leeds,,20673,20673
Maesteg,51.6100,-3.6500,United Kingdom,GB,Bridgend,,20612,20612
Shoreham-by-Sea,50.8340,-0.2730,United Kingdom,GB,West Sussex,,20547,20547
Hythe,50.8690,-1.3990,United Kingdom,GB,Hampshire,,20526,20526
Maghull,53.5174,-2.9449,United Kingdom,GB,Sefton,,20444,20444
Rothwell,53.7485,-1.4780,United Kingdom,GB,Leeds,,20354,20354
Seaham,54.8400,-1.3400,United Kingdom,GB,Durham,,20172,20172
Peterlee,54.7600,-1.3300,United Kingdom,GB,Durham,,20164,20164
Killingworth,55.0318,-1.5557,United Kingdom,GB,North Tyneside,,20079,20079
Horwich,53.5920,-2.5400,United Kingdom,GB,Bolton,,20067,20067
Bispham,53.8520,-3.0410,United Kingdom,GB,Blackpool,,20001,20001
Biddulph,53.1200,-2.1700,United Kingdom,GB,Staffordshire,,19892,19892
Stoke Gifford,51.5170,-2.5480,United Kingdom,GB,South Gloucestershire,,19794,19794
Selby,53.7818,-1.0703,United Kingdom,GB,North Yorkshire,,19760,19760
Stamford,52.6560,-0.4840,United Kingdom,GB,Lincolnshire,,19701,19701
Davyhulme,53.4559,-2.3683,United Kingdom,GB,Trafford,,19634,19634
Burnham-on-Sea,51.2376,-2.9935,United Kingdom,GB,Somerset,,19576,19576
Abbots Langley,51.7010,-0.4160,United Kingdom,GB,Hertfordshire,,19574,19574
Great Linford,52.0680,-0.7637,United Kingdom,GB,Milton Keynes,,19350,19350
Dukinfield,53.4739,-2.0828,United Kingdom,GB,Tameside,,19306,19306
Peterhead,57.5091,-1.7832,United Kingdom,GB,Aberdeenshire,,19270,19270
Ecclesall,53.3620,-1.4980,United Kingdom,GB,Sheffield,,19211,19211
Hebburn,54.9720,-1.5130,United Kingdom,GB,South Tyneside,,19148,19148
Frimley,51.3143,-0.7387,United Kingdom,GB,Surrey,,19094,19094
Molesey,51.4010,-0.3630,United Kingdom,GB,Surrey,,19088,19088
Prestatyn,53.3310,-3.4050,United Kingdom,GB,Denbighshire,,19085,19085
Calne,51.4380,-2.0050,United Kingdom,GB,Wiltshire,,19074,19074
Southbourne,50.7220,-1.7980,United Kingdom,GB,,,18960,18960
Broughty Ferry,56.4672,-2.8699,United Kingdom,GB,Dundee City,,18659,18659
Bedlington,55.1330,-1.5830,United Kingdom,GB,Northumberland,,18470,18470
Hadleigh,51.5535,0.6095,United Kingdom,GB,Essex,,18300,18300
Bingley,53.8460,-1.8360,United Kingdom,GB,Bradford,,18294,18294
Warminster,51.2050,-2.1810,United Kingdom,GB,Wiltshire,,18173,18173
Redhill,51.2393,-0.1726,United Kingdom,GB,Surrey,,18163,18163
Bourne,52.7684,-0.3775,United Kingdom,GB,Lincolnshire,,17981,17981
Colne,53.8554,-2.1756,United Kingdom,GB,Lancashire,,17855,17855
Tonypandy,51.6223,-3.4512,United Kingdom,GB,Rhondda Cynon Taff,,17789,3750
Moreton,53.4010,-3.1110,United Kingdom,GB,Wirral,,17670,17670
Fern Down,50.8100,-1.9000,United Kingdom,GB,Dorset,,17650,17650
Bonnyrigg,55.8747,-3.1031,United Kingdom,GB,Midlothian,,17530,17530
Quedgeley,51.8250,-2.2800,United Kingdom,GB,Gloucestershire,,17519,17519
Houghton Regis,51.9039,-0.5247,United Kingdom,GB,Central Bedfordshire,,17280,17280
Friern Barnet,51.6126,-0.1584,United Kingdom,GB,Barnet,,17250,17250
Milton,53.0500,-2.1420,United Kingdom,GB,Stoke-on-Trent,,17250,17250
Cottingham,53.7822,-0.4136,United Kingdom,GB,"Kingston upon Hull, City of",,17164,17164
Clitheroe,53.8711,-2.3916,United Kingdom,GB,Lancashire,,17141,17141
Heckmondwike,53.7080,-1.6700,United Kingdom,GB,Kirklees,,16986,16986
Clayton,53.7820,-1.8135,United Kingdom,GB,Bradford,,16982,16982
High Blantyre,55.7930,-4.0970,United Kingdom,GB,South Lanarkshire,,16900,16900
Maltby,53.4260,-1.2100,United Kingdom,GB,Rotherham,,16856,16856
Haslingden,53.7050,-2.3280,United Kingdom,GB,Lancashire,,16849,16849
Devizes,51.3528,-1.9958,United Kingdom,GB,Wiltshire,,16834,16834
Fazakerley,53.4676,-2.9408,United Kingdom,GB,Liverpool,,16786,16786
Connahs Quay,53.2180,-3.0570,United Kingdom,GB,Flintshire,,16774,16774
Plumstead,51.4900,0.0900,United Kingdom,GB,Greenwich,,16736,16736
Wellington,50.9755,-3.2243,United Kingdom,GB,Somerset,,16669,16669
Whickham,54.9456,-1.6726,United Kingdom,GB,Gateshead,,16652,16652
Keynsham,51.4135,-2.4968,United Kingdom,GB,Bath and North East Somerset,,16641,16641
Cleckheaton,53.7250,-1.7190,United Kingdom,GB,Kirklees,,16622,16622
Cowley,51.7330,-1.2150,United Kingdom,GB,Oxfordshire,,16500,16500
Enfield Lock,51.6686,-0.0260,United Kingdom,GB,Enfield,,16469,16469
Kilwinning,55.6550,-4.7030,United Kingdom,GB,North Ayrshire,,16460,16460
Westbury,51.2600,-2.1910,United Kingdom,GB,Wiltshire,,16414,16414
Stepney,51.5152,-0.0462,United Kingdom,GB,Tower Hamlets,,16238,16238
Basford,52.9780,-1.1690,United Kingdom,GB,Nottingham,,16207,16207
Brackley,52.0320,-1.1470,United Kingdom,GB,Northamptonshire,,16195,16195
Tyldesley,53.5166,-2.4667,United Kingdom,GB,Wigan,,16142,16142
East Barnet,51.6430,-0.1630,United Kingdom,GB,Barnet,,16137,16137
Upton,53.3850,-3.0990,United Kingdom,GB,Wirral,,16130,16130
Johnstone,55.8346,-4.5027,United Kingdom,GB,Renfrewshire,,16090,16090
Worcester Park,51.3752,-0.2390,United Kingdom,GB,Sutton,,16031,16031
South Hayling,50.7876,-0.9770,United Kingdom,GB,Hampshire,,15948,15948
Addlestone,51.3695,-0.4901,United Kingdom,GB,Surrey,,15883,15883
Royston,52.0471,-0.0202,United Kingdom,GB,Hertfordshire,,15781,15781
Buckley,53.1720,-3.0860,United Kingdom,GB,Flintshire,,15665,15665
Porthcawl,51.4800,-3.6900,United Kingdom,GB,Bridgend,,15640,15640
Nailsea,51.4300,-2.7600,United Kingdom,GB,North Somerset,,15630,15630
West Ham,51.5340,0.0080,United Kingdom,GB,Newham,,15551,15551
Shipley,53.8330,-1.7770,United Kingdom,GB,Bradford,,15483,15483
Baildon,53.8510,-1.7630,United Kingdom,GB,Bradford,,15360,15360
Wombwell,53.5160,-1.4000,United Kingdom,GB,Barnsley,,15316,15316
Llantrisant,51.5420,-3.3750,United Kingdom,GB,Rhondda Cynon Taff,,15313,15313
Hazel Grove,53.3750,-2.1110,United Kingdom,GB,Stockport,,15265,15265
Dawlish,50.5810,-3.4660,United Kingdom,GB,Devon,,15257,15257
Bidston,53.4020,-3.0780,United Kingdom,GB,Wirral,,15216,15216
Verwood,50.8815,-1.8785,United Kingdom,GB,Dorset,,15196,15196
Palmers Green,51.6178,-0.1092,United Kingdom,GB,Enfield,,15162,15162
New Brighton,53.4320,-3.0490,United Kingdom,GB,Wirral,,15149,15149
Netherton,52.4908,-2.0835,United Kingdom,GB,Dudley,,15017,15017
Hessle,53.7239,-0.4319,United Kingdom,GB,East Riding of Yorkshire,,15000,15000
Kew Green,51.5308,-0.2248,United Kingdom,GB,Richmond upon Thames,,14915,14915
West Wickham,51.3765,-0.0193,United Kingdom,GB,Bromley,,14884,14884
Bromborough,53.3360,-2.9780,United Kingdom,GB,Wirral,,14850,14850
Baguley,53.3990,-2.2760,United Kingdom,GB,Manchester,,14794,14794
Balham,51.4434,-0.1525,United Kingdom,GB,Wandsworth,,14751,14751
Larkhall,55.7370,-3.9720,United Kingdom,GB,South Lanarkshire,,14740,14740
Prestwick,55.4956,-4.6142,United Kingdom,GB,South Ayrshire,,14720,14720
Melksham,51.3710,-2.1380,United Kingdom,GB,Wiltshire,,14677,14677
Wibsey,53.7672,-1.7728,United Kingdom,GB,Bradford,,14671,14671
Lowton,53.4710,-2.5690,United Kingdom,GB,Wigan,,14605,14605
Moston,53.5156,-2.1848,United Kingdom,GB,Manchester,,14518,14518
Thornbury,51.6094,-2.5249,United Kingdom,GB,South Gloucestershire,,14496,14496
Deysbrook,53.4290,-2.9340,United Kingdom,GB,Liverpool,,14490,14490
Armthorpe,53.5352,-1.0522,United Kingdom,GB,Doncaster,,14457,14457
Southgate,51.6316,-0.1265,United Kingdom,GB,Enfield,,14454,14454
Dollis Hill,51.5641,-0.2341,United Kingdom,GB,Brent,,14425,14425
West Derby,53.4338,-2.9070,United Kingdom,GB,Liverpool,,14382,14382
West Drayton,51.5043,-0.4646,United Kingdom,GB,Hillingdon,,14370,14370
Rottingdean,50.8150,-0.0650,United Kingdom,GB,Brighton and Hove,,14324,14324
Kidbrooke,51.4621,0.0273,United Kingdom,GB,Greenwich,,14300,14300
Rock Ferry,53.3730,-3.0080,United Kingdom,GB,Wirral,,14298,14298
Shirley,51.3813,-0.0543,United Kingdom,GB,Croydon,,14296,14296
Patcham,50.8640,-0.1500,United Kingdom,GB,Brighton and Hove,,14277,14277
Seacroft,53.8222,-1.4599,United Kingdom,GB,Leeds,,14246,14246
Maldon,51.7318,0.6758,United Kingdom,GB,Essex,,14220,14220
Leyton,51.5700,-0.0150,United Kingdom,GB,Waltham Forest,,14184,14184
Hythe,51.0716,1.0840,United Kingdom,GB,Kent,,14170,14170
Childwall,53.3950,-2.8810,United Kingdom,GB,Liverpool,,14085,13640
Nantwich,53.0670,-2.5220,United Kingdom,GB,Cheshire East,,14045,14045
Marlow,51.5700,-0.7800,United Kingdom,GB,Buckinghamshire,,14004,14004
Pemberton,53.5360,-2.6738,United Kingdom,GB,Wigan,,13982,13982
Brierley Hill,52.4795,-2.1245,United Kingdom,GB,Dudley,,13935,13935
Rustington,50.8102,-0.5052,United Kingdom,GB,West Sussex,,13883,13883
Cosham,50.8424,-1.0660,United Kingdom,GB,Portsmouth,,13830,13830
Rosyth,56.0339,-3.4323,United Kingdom,GB,Fife,,13780,13780
Kidlington,51.8230,-1.2910,United Kingdom,GB,Oxfordshire,,13723,13723
Whitby,54.4858,-0.6206,United Kingdom,GB,North Yorkshire,,13594,13594
Rossington,53.4759,-1.0613,United Kingdom,GB,Doncaster,,13557,13557
Hilsea,50.8300,-1.0700,United Kingdom,GB,Portsmouth,,13552,13552
Clifton,53.9721,-1.0979,United Kingdom,GB,York,,13548,13548
Little Hulton,53.5300,-2.4180,United Kingdom,GB,Salford,,13469,13469
Chaddesden,52.9301,-1.4383,United Kingdom,GB,Derby,,13413,13413
Amblecote,52.4600,-2.1600,United Kingdom,GB,Dudley,,13393,13393
Egg Buckland,50.4006,-4.1136,United Kingdom,GB,Plymouth,,13351,13351
Shiremoor,55.0366,-1.5048,United Kingdom,GB,North Tyneside,,13300,13300
Shirebrook,53.2048,-1.2197,United Kingdom,GB,Derbyshire,,13300,13300
West Boldon,54.9450,-1.4410,United Kingdom,GB,South Tyneside,,13271,13271
Linlithgow,55.9791,-3.6105,United Kingdom,GB,West Lothian,,13260,13260
Dingle,53.3774,-2.9613,United Kingdom,GB,Liverpool,,13246,13246
Walsall Wood,52.6277,-1.9301,United Kingdom,GB,Walsall,,13207,13207
Fraserburgh,57.6930,-2.0050,United Kingdom,GB,Aberdeenshire,,13180,13180
Caerfyrddin,51.8560,-4.3160,United Kingdom,GB,Carmarthenshire,,13148,13148
Wollaston,52.4619,-2.1663,United Kingdom,GB,Dudley,,13092,13092
Chard,50.8728,-2.9587,United Kingdom,GB,Somerset,,13074,13074
Goodmayes,51.5631,0.1133,United Kingdom,GB,Redbridge,,13069,13069
Pendlebury,53.5075,-2.3154,United Kingdom,GB,Salford,,13069,13069
Holborn,51.5204,-0.1136,United Kingdom,GB,Camden,,13023,13023
Midsomer Norton,51.2842,-2.4817,United Kingdom,GB,Bath and North East Somerset,,13000,13000
Gornalwood,52.5230,-2.1240,United Kingdom,GB,Dudley,,12992,12992
Yiewsley,51.5130,-0.4710,United Kingdom,GB,Hillingdon,,12979,12979
Shenley Church End,52.0220,-0.7880,United Kingdom,GB,Milton Keynes,,12961,12961
Leagrave,51.9030,-0.4660,United Kingdom,GB,Luton,,12910,12910
Buckingham,51.9950,-0.9860,United Kingdom,GB,Buckinghamshire,,12890,12890
Milngavie,55.9421,-4.3137,United Kingdom,GB,East Dunbartonshire,,12795,12795
Brownhills,52.6470,-1.9330,United Kingdom,GB,Walsall,,12676,12676
Hornsey,51.5870,-0.1180,United Kingdom,GB,Haringey,,12659,12659
Sutton on Hull,53.7806,-0.3047,United Kingdom,GB,"Kingston upon Hull, City of",,12649,12649
Wolverton,52.0626,-0.8102,United Kingdom,GB,Milton Keynes,,12492,12492
Barton upon Irwell,53.4760,-2.3600,United Kingdom,GB,Salford,,12462,12462
Blunsdon Saint Andrew,51.6100,-1.7900,United Kingdom,GB,Swindon,,12414,12414
Coseley,52.5500,-2.0830,United Kingdom,GB,Dudley,,12357,12357
Ovenden,53.7432,-1.8779,United Kingdom,GB,Calderdale,,12351,12351
Chepstow,51.6420,-2.6750,United Kingdom,GB,Monmouthshire,,12350,12350
Lye,52.4590,-2.1160,United Kingdom,GB,Dudley,,12346,12346
Giffnock,55.8051,-4.2946,United Kingdom,GB,East Renfrewshire,,12300,12300
Thatto Heath,53.4352,-2.7481,United Kingdom,GB,St. Helens,,12280,12280
Sedgley,52.5400,-2.1230,United Kingdom,GB,Dudley,,12087,12087
Minehead,51.2038,-3.4738,United Kingdom,GB,Somerset,,11981,11981
Snaresbrook,51.5870,0.0146,United Kingdom,GB,Redbridge,,11868,11868
Sandown,50.6551,-1.1541,United Kingdom,GB,Isle of Wight,,11868,11868
Hoyland Nether,53.4985,-1.4406,United Kingdom,GB,Barnsley,,11852,11852
Hackney,51.5414,-0.0266,United Kingdom,GB,Hackney,,11734,11734
Wallingford,51.5990,-1.1250,United Kingdom,GB,Oxfordshire,,11600,11600
Belgrave,52.6566,-1.1262,United Kingdom,GB,Leicester,,11558,11558
Wanstead,51.5778,0.0286,United Kingdom,GB,Redbridge,,11543,11543
Blundellsands,53.4800,-3.0500,United Kingdom,GB,Sefton,,11514,11514
Brislington,51.4316,-2.5439,United Kingdom,GB,"Bristol, City of",,11511,11511
Culcheth,53.4517,-2.5218,United Kingdom,GB,Warrington,,11454,11454
Sandridge,51.7808,-0.3038,United Kingdom,GB,Hertfordshire,,11451,11451
Holyhead,53.3090,-4.6330,United Kingdom,GB,Isle of Anglesey,,11431,11431
Haydock,53.4678,-2.6609,United Kingdom,GB,St. Helens,,11416,11416
Wealdstone,51.5957,-0.3352,United Kingdom,GB,Brent,,11394,11394
Harrow Weald,51.6040,-0.3390,United Kingdom,GB,Harrow,,11376,11376
Carnoustie,56.5010,-2.7100,United Kingdom,GB,Angus,,11360,11360
Burslem,53.0426,-2.1879,United Kingdom,GB,Stoke-on-Trent,,11314,11314
Mountain Ash,51.6814,-3.3792,United Kingdom,GB,Rhondda Cynon Taff,,11230,11230
Castle Bromwich,52.5050,-1.7856,United Kingdom,GB,Birmingham,,11217,11217
Linslade,51.9243,-0.6774,United Kingdom,GB,Central Bedfordshire,,11185,11185
Prescot,53.4286,-2.8064,United Kingdom,GB,Knowsley,,11184,11184
Eckington,53.3080,-1.3643,United Kingdom,GB,Derbyshire,,11152,11152
Aylestone,52.6040,-1.1540,United Kingdom,GB,Leicester,,11151,11151
Southborough,51.1598,0.2652,United Kingdom,GB,Kent,,11124,11124
Timperley,53.3870,-2.3280,United Kingdom,GB,Trafford,,11061,11061
Bottesford,53.5521,-0.6714,United Kingdom,GB,North Lincolnshire,,11038,11038
Cudworth,53.5784,-1.4149,United Kingdom,GB,Barnsley,,10977,10977
Oakham,52.6705,-0.7333,United Kingdom,GB,Rutland,,10975,10975
Highgate,51.5716,-0.1448,United Kingdom,GB,Camden,,10955,10955
Hollinwood,53.5183,-2.1440,United Kingdom,GB,Oldham,,10920,10920
Earlestown,53.4500,-2.6500,United Kingdom,GB,St. Helens,,10830,10830
Flixton,53.4470,-2.3910,United Kingdom,GB,Trafford,,10786,10786
Parkstone,50.7100,-1.9500,United Kingdom,GB,,,10779,10779
Royston,53.6100,-1.4500,United Kingdom,GB,Barnsley,,10728,10728
Ormesby,54.5492,-1.1817,United Kingdom,GB,Middlesbrough,,10714,10714
Hatch End,51.6010,-0.3743,United Kingdom,GB,Harrow,,10693,10693
Ryhope,54.8679,-1.3698,United Kingdom,GB,Sunderland,,10484,10484
Holbeach,52.8037,0.0154,United Kingdom,GB,Lincolnshire,,10458,10458
Eccleston,53.4539,-2.7748,United Kingdom,GB,St. Helens,,10433,10433
Bradford-on-Avon,51.3470,-2.2510,United Kingdom,GB,Wiltshire,,10405,10405
Gourock,55.9538,-4.8173,United Kingdom,GB,Inverclyde,,10350,10350
Stranraer,54.9020,-5.0270,United Kingdom,GB,Dumfries and Galloway,,10320,10320
Spitalfields,51.5166,-0.0750,United Kingdom,GB,Tower Hamlets,,10286,10286
Cheam,51.3600,-0.2100,United Kingdom,GB,Sutton,,10285,10285
Lemington,54.9720,-1.7230,United Kingdom,GB,Newcastle upon Tyne,,10228,10228
New Silksworth,54.8710,-1.3957,United Kingdom,GB,Sunderland,,10194,10194
Forres,57.6080,-3.6200,United Kingdom,GB,Moray,,10100,10100
Lydney,51.7286,-2.5285,United Kingdom,GB,Gloucestershire,,10043,10043
Marton,54.5372,-1.2047,United Kingdom,GB,Middlesbrough,,9990,9990
Bishopstoke,50.9679,-1.3278,United Kingdom,GB,Hampshire,,9974,9974
Aberaman,51.7000,-3.4333,United Kingdom,GB,Rhondda Cynon Taff,,9964,9964
Birchington,51.3770,1.3050,United Kingdom,GB,Kent,,9961,9961
Nairn,57.5860,-3.8690,United Kingdom,GB,Highland,,9960,9960
Handsworth,53.3700,-1.4000,United Kingdom,GB,Sheffield,,9957,9957
Liskeard,50.4536,-4.4651,United Kingdom,GB,Cornwall,,9912,9912
Stocksbridge,53.4780,-1.5880,United Kingdom,GB,Sheffield,,9869,9869
Kippax,53.7669,-1.3705,United Kingdom,GB,Leeds,,9785,9785
Tottington,53.6130,-2.3390,United Kingdom,GB,Bury,,9783,9783
Whitchurch,52.9690,-2.6820,United Kingdom,GB,Shropshire,,9781,9781
Helston,50.1000,-5.2700,United Kingdom,GB,Cornwall,,9780,9780
Raynes Park,51.4033,-0.2321,United Kingdom,GB,Merton,,9738,9738
Lambeth,51.4900,-0.1190,United Kingdom,GB,Lambeth,,9675,9675
Killamarsh,53.3205,-1.3116,United Kingdom,GB,Derbyshire,,9445,9445
Thames Ditton,51.3890,-0.3310,United Kingdom,GB,Surrey,,9400,9400
Horsell,51.3286,-0.5617,United Kingdom,GB,Surrey,,9384,9384
Broadwater,50.8282,-0.3742,United Kingdom,GB,West Sussex,,9373,9373
Wilnecote,52.6081,-1.6677,United Kingdom,GB,Staffordshire,,9358,9358
Tilehurst,51.4579,-1.0406,United Kingdom,GB,Reading,,9185,9185
Aberbargoed,51.6968,-3.2240,United Kingdom,GB,Caerphilly,,9184,9184
Littleport,52.4568,0.3046,United Kingdom,GB,Cambridgeshire,,9168,9168
Dunbar,56.0027,-2.5169,United Kingdom,GB,East Lothian,,9030,9030
Barwell,52.5682,-1.3462,United Kingdom,GB,Leicestershire,,9022,9022
Cupar,56.3200,-3.0100,United Kingdom,GB,Fife,,9020,9020
Broughton Astley,52.5278,-1.2275,United Kingdom,GB,Leicestershire,,8940,8940
Partick,55.8699,-4.3125,United Kingdom,GB,Glasgow City,,8884,8884
Ifield,51.1234,-0.2073,United Kingdom,GB,West Sussex,,8882,8882
Cowley,51.5280,-0.4810,United Kingdom,GB,Hillingdon,,8776,8776
Clayton le Moors,53.7750,-2.3840,United Kingdom,GB,Lancashire,,8522,8522
Cam,51.7011,-2.3642,United Kingdom,GB,Gloucestershire,,8520,8520
Blackwood,51.6700,-3.1900,United Kingdom,GB,Caerphilly,,8496,8496
Great Billing,52.2577,-0.8222,United Kingdom,GB,Northamptonshire,,8457,8457
Seaton,50.7050,-3.0780,United Kingdom,GB,Devon,,8413,8413
Birtley,54.9000,-1.5770,United Kingdom,GB,Gateshead,,8367,8367
Glascote,52.6245,-1.6680,United Kingdom,GB,Staffordshire,,8344,8344
Mountsorrel,52.7167,-1.1500,United Kingdom,GB,Leicestershire,,8223,8223
Brierfield,53.8240,-2.2350,United Kingdom,GB,Lancashire,,8193,8193
Heybridge,51.7417,0.6897,United Kingdom,GB,Essex,,8175,8175
New Bilton,52.3728,-1.2764,United Kingdom,GB,Warwickshire,,8166,8166
Exhall,52.4700,-1.4800,United Kingdom,GB,Coventry,,8006,8006
Newbold,53.2519,-1.4461,United Kingdom,GB,Derbyshire,,7962,7962
Cross Gates,53.8063,-1.4506,United Kingdom,GB,Leeds,,7770,7770
Stony Stratford,52.0567,-0.8526,United Kingdom,GB,Milton Keynes,,7736,7736
Rothwell,52.4254,-0.8029,United Kingdom,GB,Northamptonshire,,7694,7694
Rhôs-on-Sea,53.3090,-3.7380,United Kingdom,GB,Conwy,,7593,7593
Stonehouse,51.7478,-2.2838,United Kingdom,GB,Gloucestershire,,7591,7591
Sundon,51.9200,-0.4700,United Kingdom,GB,Luton,,7585,7585
Codsall,52.6267,-2.1924,United Kingdom,GB,Staffordshire,,7582,7582
Attleborough,52.5156,-1.4575,United Kingdom,GB,Warwickshire,,7564,7564
Hucknall under Huthwaite,53.1250,-1.3010,United Kingdom,GB,Nottinghamshire,,7500,7500
Pyle,51.5289,-3.6933,United Kingdom,GB,Bridgend,,7405,7405
Harefield,51.6034,-0.4780,United Kingdom,GB,Hillingdon,,7399,7399
Wickersley,53.4199,-1.2792,United Kingdom,GB,Rotherham,,7392,7392
Greenhill,51.3600,1.1030,United Kingdom,GB,Kent,,7339,7339
Roby,53.4130,-2.8520,United Kingdom,GB,Knowsley,,7254,7254
Lee-on-the-Solent,50.8031,-1.2011,United Kingdom,GB,Hampshire,,7224,7224
Kirkham,53.7820,-2.8700,United Kingdom,GB,Lancashire,,7194,7194
Frampton Cotterell,51.5400,-2.4800,United Kingdom,GB,South Gloucestershire,,7162,7162
Faringdon,51.6570,-1.5860,United Kingdom,GB,Oxfordshire,,7121,7121
Allington,51.2903,0.5019,United Kingdom,GB,Kent,,7100,7100
Saint Peters,51.3651,1.4191,United Kingdom,GB,Kent,,7042,7042
Shifnal,52.6650,-2.3730,United Kingdom,GB,Shropshire,,7009,7009
Crewkerne,50.8803,-2.7939,United Kingdom,GB,Somerset,,7000,7000
Westgate on Sea,51.3814,1.3381,United Kingdom,GB,Kent,,6996,6996
Warrenpoint,54.0991,-6.2490,United Kingdom,GB,"Newry, Mourne and Down",,6981,6981
Dowlais,51.7620,-3.3530,United Kingdom,GB,Merthyr Tydfil,,6926,6926
Duntocher,55.9240,-4.4170,United Kingdom,GB,West Dunbartonshire,,6880,6880
Thornhill,53.6622,-1.6124,United Kingdom,GB,Kirklees,,6875,6875
Gedling,52.9750,-1.0810,United Kingdom,GB,Nottinghamshire,,6817,6817
Bolton upon Dearne,53.5197,-1.3148,United Kingdom,GB,Barnsley,,6744,6744
Godmanchester,52.3176,-0.1725,United Kingdom,GB,Cambridgeshire,,6711,6711
Aintree,53.4793,-2.9373,United Kingdom,GB,Liverpool,,6689,6689
Pakefield,52.4510,1.7280,United Kingdom,GB,Suffolk,,6563,6563
Whetstone,52.5724,-1.1799,United Kingdom,GB,Leicestershire,,6556,6556
Cove,51.2965,-0.7939,United Kingdom,GB,Hampshire,,6548,6548
Bilton,52.3594,-1.2900,United Kingdom,GB,Warwickshire,,6544,6544
Bothwell,55.8023,-4.0662,United Kingdom,GB,South Lanarkshire,,6380,6380
Uddingston,55.8183,-4.0827,United Kingdom,GB,South Lanarkshire,,6370,6370
Long Ditton,51.3850,-0.3210,United Kingdom,GB,Surrey,,6343,6343
Alcester,52.2150,-1.8697,United Kingdom,GB,Warwickshire,,6273,6273
Handforth,53.3500,-2.2160,United Kingdom,GB,Cheshire East,,6266,6266
Shephall,51.8904,-0.1765,United Kingdom,GB,Hertfordshire,,6210,6210
Dyce,57.2031,-2.1920,United Kingdom,GB,Aberdeen City,,6190,6190
Hollington,50.8750,0.5480,United Kingdom,GB,East Sussex,,6099,6099
Llantwit Fardre,51.5578,-3.3341,United Kingdom,GB,Rhondda Cynon Taff,,6099,6099
Long Ashton,51.4300,-2.6500,United Kingdom,GB,North Somerset,,6044,6044
Highbridge,51.2189,-2.9730,United Kingdom,GB,Somerset,,5986,5986
Withernsea,53.7285,0.0382,United Kingdom,GB,East Riding of Yorkshire,,5980,5980
Porth,51.6138,-3.4095,United Kingdom,GB,Rhondda Cynon Taff,,5970,5970
Great Burstead,51.6040,0.4450,United Kingdom,GB,Essex,,5968,5968
Saltburn-by-the-Sea,54.5828,-0.9732,United Kingdom,GB,Redcar and Cleveland,,5958,5958
Honley,53.6027,-1.7921,United Kingdom,GB,Kirklees,,5897,5897
Govan,55.8615,-4.3083,United Kingdom,GB,Glasgow City,,5860,5860
Cheddar,51.2790,-2.7780,United Kingdom,GB,Somerset,,5755,5755
Broughton,53.5638,-0.5465,United Kingdom,GB,North Lincolnshire,,5726,5726
Littlemore,51.7200,-1.2270,United Kingdom,GB,Oxfordshire,,5646,5646
Kirk Ella,53.7518,-0.4566,United Kingdom,GB,East Riding of Yorkshire,,5638,5638
Wadsley,53.4100,-1.5200,United Kingdom,GB,Sheffield,,5631,5631
Leavesden Green,51.6967,-0.3991,United Kingdom,GB,Hertfordshire,,5612,5612
Lexden,51.8833,0.8667,United Kingdom,GB,Essex,,5549,5549
Utley,53.8800,-1.9100,United Kingdom,GB,Bradford,,5500,5500
Bridge of Allan,56.1550,-3.9420,United Kingdom,GB,Stirling,,5380,5380
Bishopton,55.9086,-4.5045,United Kingdom,GB,Renfrewshire,,5330,5330
Paulton,51.3069,-2.5027,United Kingdom,GB,Bath and North East Somerset,,5303,5303
Wincanton,51.0559,-2.4102,United Kingdom,GB,Somerset,,5272,5272
Church,53.7550,-2.3860,United Kingdom,GB,Lancashire,,5186,5186
Great Meols,53.4014,-3.1553,United Kingdom,GB,Wirral,,5110,5110
Harleston,52.4024,1.2996,United Kingdom,GB,Norfolk,,5067,5067
Harlescott,52.7365,-2.7226,United Kingdom,GB,Shropshire,,5060,5060
Ottery Saint Mary,50.7520,-3.2790,United Kingdom,GB,Devon,,4898,4898
Loughor,51.6626,-4.0646,United Kingdom,GB,Swansea,,4824,4824
North Woolwich,51.5010,0.0580,United Kingdom,GB,Newham,,4752,4752
Huntington,52.7150,-2.0420,United Kingdom,GB,Staffordshire,,4715,4715
Coedpoeth,53.0540,-3.0740,United Kingdom,GB,Wrexham,,4702,4702
Somerton,51.0535,-2.7361,United Kingdom,GB,Somerset,,4697,4697
Eton,51.4881,-0.6092,United Kingdom,GB,Wandsworth,,4692,4692
Old Kilpatrick,55.9250,-4.4593,United Kingdom,GB,West Dunbartonshire,,4680,4680
Kirby Muxloe,52.6351,-1.2341,United Kingdom,GB,Leicestershire,,4667,4667
Histon,52.2535,0.1042,United Kingdom,GB,Cambridgeshire,,4655,4655
Tillicoultry,56.1530,-3.7420,United Kingdom,GB,Clackmannanshire,,4650,4650
Nelson,51.6510,-3.2830,United Kingdom,GB,Caerphilly,,4647,4647
Alva,56.1530,-3.7996,United Kingdom,GB,Clackmannanshire,,4600,4600
Ingatestone,51.6700,0.3800,United Kingdom,GB,Essex,,4504,4504
Lees,53.5380,-2.0690,United Kingdom,GB,Oldham,,4500,4500
Kingsthorpe,52.2625,-0.9000,United Kingdom,GB,Northamptonshire,,4477,4477
Cowpen,55.1270,-1.5390,United Kingdom,GB,Northumberland,,4466,4466
Wilford,52.9260,-1.1600,United Kingdom,GB,Nottinghamshire,,4428,4428
Seaton Delaval,55.0729,-1.5252,United Kingdom,GB,Northumberland,,4371,4371
Ferndale,51.6610,-3.4480,United Kingdom,GB,Rhondda Cynon Taff,,4178,4178
Grenoside,53.4410,-1.5020,United Kingdom,GB,Sheffield,,4177,4177
Beddau,51.5560,-3.3577,United Kingdom,GB,Rhondda Cynon Taff,,4156,4156
Banff,57.6670,-2.5240,United Kingdom,GB,Aberdeenshire,,4100,4100
Bare,54.0760,-2.8370,United Kingdom,GB,Lancashire,,4067,4067
Chasetown,52.6700,-1.9200,United Kingdom,GB,Staffordshire,,3885,3885
Deanshanger,52.0473,-0.8928,United Kingdom,GB,Northamptonshire,,3817,3817
Tayport,56.4467,-2.8796,United Kingdom,GB,Fife,,3810,3810
Anstruther,56.2234,-2.7027,United Kingdom,GB,Fife,,3810,3810
Walton le Dale,53.7460,-2.6650,United Kingdom,GB,Lancashire,,3792,3792
Watchet,51.1795,-3.3242,United Kingdom,GB,Somerset,,3785,3785
Highcliffe,50.7414,-1.6959,United Kingdom,GB,Dorset,,3673,3673
Kilburn,53.0056,-1.4254,United Kingdom,GB,Derbyshire,,3618,3618
Llanharan,51.5300,-3.4300,United Kingdom,GB,Rhondda Cynon Taff,,3465,3465
Llanbadarn-fawr,52.4080,-4.0600,United Kingdom,GB,Ceredigion,,3380,3380
Menai Bridge,53.2300,-4.1600,United Kingdom,GB,Gwynedd,,3376,3376
Sherborne Saint John,51.2944,-1.1098,United Kingdom,GB,Hampshire,,3265,3265
Clackmannan,56.1070,-3.7490,United Kingdom,GB,Clackmannanshire,,3240,3240
Swalwell,54.9540,-1.6840,United Kingdom,GB,Gateshead,,3200,3200
Stainton,54.5211,-1.2595,United Kingdom,GB,Middlesbrough,,2890,2890
Harton,54.8810,-1.5340,United Kingdom,GB,South Tyneside,,2878,2878
Kinghorn,56.0700,-3.1700,United Kingdom,GB,Fife,,2840,2840
Appledore,51.0525,-4.1945,United Kingdom,GB,Devon,,2814,2814
New Earswick,53.9920,-1.0724,United Kingdom,GB,York,,2737,2737
Bushbury,52.6200,-2.1130,United Kingdom,GB,Wolverhampton,,2600,2600
